{"IcoMoonType":"selection","icons":[{"icon":{"paths":["M704 640c-64 64-64 128-128 128s-128-64-192-128-128-128-128-192 64-64 128-128-128-256-192-256-192 192-192 192c0 128 131.5 387.5 256 512s384 256 512 256c0 0 192-128 192-192s-192-256-256-192z"],"tags":["phone","telephone","contact","support","call"],"defaultCode":59714,"grid":16,"attrs":[]},"attrs":[],"properties":{"ligatures":"phone, telephone","name":"phone","order":5,"id":67,"prevSize":32,"code":59714},"setIdx":0,"setId":1,"iconIdx":66},{"icon":{"paths":["M928 128h-832c-52.8 0-96 43.2-96 96v640c0 52.8 43.2 96 96 96h832c52.8 0 96-43.2 96-96v-640c0-52.8-43.2-96-96-96zM398.74 550.372l-270.74 210.892v-501.642l270.74 290.75zM176.38 256h671.24l-335.62 252-335.62-252zM409.288 561.698l102.712 110.302 102.71-110.302 210.554 270.302h-626.528l210.552-270.302zM625.26 550.372l270.74-290.75v501.642l-270.74-210.892z"],"tags":["envelop","mail","email","contact","letter"],"defaultCode":59717,"grid":16,"attrs":[]},"attrs":[],"properties":{"ligatures":"envelop, mail","name":"envelop","order":4,"id":70,"prevSize":32,"code":59717},"setIdx":0,"setId":1,"iconIdx":69},{"icon":{"paths":["M928 0h-832c-52.8 0-96 43.2-96 96v832c0 52.8 43.2 96 96 96h416v-448h-128v-128h128v-64c0-105.8 86.2-192 192-192h128v128h-128c-35.2 0-64 28.8-64 64v64h192l-32 128h-160v448h288c52.8 0 96-43.2 96-96v-832c0-52.8-43.2-96-96-96z"],"tags":["facebook","brand","social"],"defaultCode":60049,"grid":16,"attrs":[]},"attrs":[],"properties":{"ligatures":"facebook2, brand11","name":"facebook2","order":6,"id":402,"prevSize":32,"code":60049},"setIdx":0,"setId":1,"iconIdx":401},{"icon":{"paths":["M1024 226.4c-37.6 16.8-78.2 28-120.6 33 43.4-26 76.6-67.2 92.4-116.2-40.6 24-85.6 41.6-133.4 51-38.4-40.8-93-66.2-153.4-66.2-116 0-210 94-210 210 0 16.4 1.8 32.4 5.4 47.8-174.6-8.8-329.4-92.4-433-219.6-18 31-28.4 67.2-28.4 105.6 0 72.8 37 137.2 93.4 174.8-34.4-1-66.8-10.6-95.2-26.2 0 0.8 0 1.8 0 2.6 0 101.8 72.4 186.8 168.6 206-17.6 4.8-36.2 7.4-55.4 7.4-13.6 0-26.6-1.4-39.6-3.8 26.8 83.4 104.4 144.2 196.2 146-72 56.4-162.4 90-261 90-17 0-33.6-1-50.2-3 93.2 59.8 203.6 94.4 322.2 94.4 386.4 0 597.8-320.2 597.8-597.8 0-9.2-0.2-18.2-0.6-27.2 41-29.4 76.6-66.4 104.8-108.6z"],"tags":["twitter","brand","tweet","social"],"defaultCode":60054,"grid":16,"attrs":[]},"attrs":[],"properties":{"ligatures":"twitter, brand16","name":"twitter","order":7,"id":407,"prevSize":32,"code":60054},"setIdx":0,"setId":1,"iconIdx":406}],"height":1024,"metadata":{"name":"icomoon"},"preferences":{"showGlyphs":true,"showQuickUse":true,"showQuickUse2":true,"showSVGs":true,"fontPref":{"prefix":"icon-","metadata":{"fontFamily":"icomoon"},"metrics":{"emSize":1024,"baseline":6.25,"whitespace":50},"embed":false,"autoHost":true},"imagePref":{"prefix":"icon-","png":true,"useClassSelector":true,"color":0,"bgColor":16777215,"classSelector":".icon"},"historySize":50,"showCodes":true,"gridSize":16,"quickUsageToken":{"UntitledProject":"M2JmNGJmMThiZiMxNzMzOTA0MDYxI1VMemNXR0d5VVNGTlM4M1IzNVk5NmdPTUs0MjZoamU3ZGpueHNaalJjYU1Z"}}}